0, 1.0, 1.0, 16, 0, 0,  0,  0, 0, 0, 1280, 1251, 0, 0.0, 0.0, 0,  0.0, 0.0,  1.0, 0.97734375, 0.0, 1.0, 2.0, 1.93671875,  0.24186854202319538, 0.0, 3.104, 2.80699999999997, 0.7251227193138244, 60.0, 120.0, 116.203125, 14.512112521391723, 60.0, 60.0, 60.0, 0.0, 1280, 0
0, 0.9763036861508786, 0.003030742985735545, 16, 0, 0,  0,  0, 0, 0, 11923, 14779, 0, 0.023672980498504075, 0.022296312812083566, 0,  0.022285942434031432, 0.0,  0.030911504378892132, 0.038315954308114304, 0.023672980498504075, 1.0, 726.0, 3.0580896726590168,  1.735393773429078, 0.0, 60.448, 4.549754315378377, 3.715554221751549, 41.0, 40992.0, 164.52786261323158, 104.28474382401316, 41.0, 224.0, 52.77820613200454, 5.582709229774453, 385710, 4
0, 0.31196395035914115, 0.3118913476989797, 16, 0, 0,  0,  0, 0, 0, 65280, 28228, 0, 0.6875859131478578, 0.6778426361541887, 0,  0.6778184352674682, 0.00020812762579620919,  0.3159667770227101, 0.13662852606919518, 0.6878521229017831, 1.0, 94.0, 9.14256258349306,  4.98763475041464, 0.0, 60.736, 3.4792790071791515, 1.457932147801541, 40.0, 6400.0, 838.0002081276258, 497.4596650870117, 40.0, 166.0, 83.02799558575826, 16.393352930549607, 206593, 11
0, 0.4264774780804498, 0.42728063717288, 16, 0, 0,  0,  0, 0, 0, 516, 2067, 0, 0.003614215915936015, 0.5706445351716752, 0,  0.00147245833612208, 0.0010708787899069675,  0.0345358409744997, 0.13834415367110636, 0.004752024630212168, 1.0, 584.0, 4.757379024161703,  28.571377009705863, 0.0, 60.928, 0.8484272806372399, 5.307907519059453, 40.0, 653084.0, 1346.7496820828592, 14567.75670407399, 40.0, 1440.0, 72.10354059299912, 50.53923711730996, 14941, 0
0, 0.923629698119941, 0.9192499229483998, 16, 0, 0,  0,  0, 0, 0, 58816, 24998, 0, 0.07442373513715185, 0.04512790565639853, 0,  0.044900806203059355, 0.00022709945333917303,  0.9540772462569144, 0.4055022953266177, 0.07466705598001525, 1.0, 28.0, 1.6421561470955601,  2.1189336136669397, 0.0, 46.24, 0.413357340989839, 1.758028830768398, 40.0, 15318.0, 356.8525313478353, 1310.4399018350798, 40.0, 1500.0, 85.61558551105487, 119.81392247187827, 61647, 0
0, 0.9999497701986588, 0.21385337920988523, 14, 0, 0,  0,  0, 0, 0, 38458, 15759, 0, 5.02298013411357e-05, 0.9658186201873572, 0,  0.0, 0.03413115001130171,  0.9658688499886983, 0.3957857196674787, 0.03418137981264284, 1.0, 4.0, 2.6891026445990405,  0.6390731866178818, 0.0, 2.112, 1.6622335183456936, 0.6269896315371004, 40.0, 220.0, 171.28161338121907, 43.22860310029572, 40.0, 64.0, 63.18040033151669, 4.357910190738028, 39817, 0
0, 0.9953905122754458, 0.9954015265830314, 16, 0, 0,  0,  0, 0, 0, 136020, 28124, 0, 0.004592966263175865, 0.0007654943771959776, 0,  0.000754480069610424, 0.004692095031445848,  0.7490830588935027, 0.1548831932680552, 0.00929056844841449, 1.0, 14.0, 1.0274421473494069,  0.34573310466206136, 0.0, 29.28, 0.0017860801180733786, 0.11606974108772246, 40.0, 1084.0, 41.57348746021081, 20.75989877081292, 40.0, 77.0, 40.080233723606966, 1.2100108982575586, 181582, 0
0, 0.999969482421875, 0.00433349609375, 16, 0, 0,  0,  0, 0, 0, 65536, 16298, 0, 3.0517578125e-05, 0.0, 0,  0.0, 0.0,  1.0, 0.248687744140625, 3.0517578125e-05, 1.0, 3.0, 2.995635986328125,  0.0663741353954065, 0.0, 9.216, 8.648583984370134, 1.7114233199553373, 52.0, 152.0, 151.7779541015625, 3.371199890859257, 44.0, 52.0, 50.0025634765625, 0.08114565465539512, 65536, 0
0, 0.9893244965587561, 0.6206372673974, 16, 0, 0,  0,  0, 0, 0, 65961, 46192, 0, 0.004384399694111649, 0.0006831506500127453, 0,  0.0, 0.3089064491460617,  0.6725567167983686, 0.47098648993117515, 0.6456997196023452, 1.0, 54.0, 2.0961407086413457,  1.1647866926698844, 0.0, 60.96, 6.6807816874838055, 7.712111792487518, 40.0, 3455.0, 100.6968646444048, 59.892872633975436, 40.0, 89.0, 46.69926076981901, 4.873281565448884, 98075, 0
0, 0.9996829925503249, 0.9995244888254874, 16, 0, 0,  0,  0, 0, 0, 37835, 29579, 0, 0.00026417287472922283, 0.0001585037248375337, 0,  0.0001585037248375337, 0.0,  0.9994980715380145, 0.7813969461615682, 0.0002905901622021451, 1.0, 10.0, 1.9961166587414805,  0.12471467766118585, 0.0, 12.064, 2.955799439953215, 0.26987150990561887, 44.0, 619.0, 95.8423416283616, 7.406182911006415, 42.0, 68.0, 48.00332857822159, 0.20419424406426737, 37851, 3
0, 0.9959141231879626, 0.9959630558443942, 16, 0, 0,  0,  0, 0, 0, 71678, 26056, 0, 0.004036944155605847, 8.563214875527555e-05, 0,  3.669949232368952e-05, 1.2233164107896507e-05,  0.8768487369258059, 0.3187473239953514, 0.004049177319713744, 1.0, 1204.0, 1.033677900789039,  4.218524561058911, 0.0, 27.968, 0.0016637103186739257, 0.16559483179620121, 60.0, 65546.0, 61.79421371337696, 229.60263166116286, 46.0, 71.0, 59.973515199706405, 0.5226480075418202, 81745, 0
0, 0.7145536720909118, 0.7049556515579324, 16, 0, 0,  0,  0, 0, 0, 64303, 27145, 0, 0.28475790439892645, 0.2771453371778627, 0,  0.2770156341976873, 9.977152321184488e-05,  0.6415608257091261, 0.2708297997585529, 0.2853066477765916, 1.0, 25.0, 4.907412026459408,  4.8949690405248685, 0.0, 56.512, 2.7231901345907907, 1.9725014256892262, 40.0, 2276.0, 411.4619122210139, 482.72083269127734, 40.0, 111.0, 69.14808089475102, 15.12608726248744, 100229, 0
0, 0.9735448228727646, 0.08100296161293997, 16, 0, 0,  0,  0, 0, 0, 62291, 25000, 0, 0.026312791889736873, 0.0, 0,  0.0, 0.00014238523749857614,  0.8869318829023807, 0.35596309374644036, 0.026512131222234878, 1.0, 14.0, 2.879570566123704,  0.557415518111251, 0.0, 27.616, 2.712400501196542, 0.9150304218732318, 40.0, 736.0, 172.001879485135, 31.942673562956323, 40.0, 60.0, 59.80662660895318, 1.2674265739045811, 70232, 0
0, 0.9932802067628689, 0.9931079043721731, 16, 0, 0,  0,  0, 0, 0, 40686, 21586, 0, 0.006676717639457247, 6.46133965108766e-05, 0,  2.1537798836958863e-05, 0.0,  0.8762868834805083, 0.46491492569459403, 0.006676717639457247, 1.0, 14.0, 1.0305190609519708,  0.3672791227856778, 0.0, 26.016, 0.004999526168425589, 0.19676300811761663, 60.0, 924.0, 61.623734654318326, 19.595851960462646, 46.0, 67.0, 59.95940124919233, 0.6288119291688113, 46430, 0
0, 0.5158969696649347, 0.5971869103056764, 16, 0, 0,  0,  0, 0, 0, 65285, 28162, 0, 0.28918477485239474, 0.2755739030694498, 0,  0.2733274485033327, 0.01228942792052308,  0.3450818502328384, 0.14885800821409506, 0.3968401634361769, 1.0, 1258.0, 3.3313176909618525,  3.750588309506372, 0.0, 47.744, 4.066977117878682, 4.643479250639947, 40.0, 50340.0, 228.49386585759063, 231.77701767244602, 40.0, 213.0, 62.591240412924776, 12.530946857441956, 189187, 0
0, 0.9815246985608712, 0.9816111327196508, 16, 0, 0,  0,  0, 0, 0, 35558, 21653, 0, 0.018388867280349195, 0.0001296512381693245, 0,  4.321707938977484e-05, 0.0003457366351181987,  0.7683564544708069, 0.4678897100133973, 0.018734603915467392, 1.0, 15.0, 1.0847054756039587,  0.631437532514359, 0.0, 25.92, 0.003049397121742501, 0.1872213556319542, 40.0, 924.0, 64.62530792169065, 34.501509656437165, 40.0, 67.0, 59.91019490902805, 0.8011767563352405, 46278, 0
0, 1.0, 0.997596028899631, 15, 0, 0,  0,  0, 0, 0, 58832, 1, 0, 0.0, 0.0, 0,  0.0, 5.19777535214928e-05,  0.7644887987941161, 1.29944383803732e-05, 0.002455948853890535, 1.0, 5.0, 1.0048859088310202,  0.09898964617068373, 0.0, 5.76, 0.00010187639690212591, 0.020785861148008226, 40.0, 200.0, 40.195436353240815, 3.9595858468273244, 40.0, 40.0, 40.0, 0.0, 76956, 0
0, 0.9989702594675157, 0.9989702594675157, 16, 0, 0,  0,  0, 0, 0, 65537, 78, 0, 0.001029740532484249, 0.0, 0,  0.0, 2.7098435065374976e-05,  0.8879750694397398, 0.001056838967549624, 0.001056838967549624, 1.0, 15.0, 1.0121536481268207,  0.37893797655851463, 0.0, 4.736, 0.003690156493462503, 0.1158468375053434, 48.0, 818.0, 48.68863898109884, 21.464339956055873, 44.0, 57.0, 48.0077095047761, 0.24600463247604065, 73805, 0
0, 1.0, 0.9999389639124132, 16, 0, 0,  0,  0, 0, 0, 65535, 3690, 0, 0.0, 0.0, 0,  0.0, 0.0,  1.0, 0.0563057907988098, 0.0, 2.0, 3.0, 2.000061036087587,  0.007793935679196014, 1.152, 3.2, 2.96660434882112, 0.06807802259314764, 96.0, 144.0, 96.00292973220417, 0.37410891260140827, 48.0, 48.0, 48.0, 0.0, 65535, 0
0, 0.9995076765982276, 0.21416067977097844, 16, 0, 0,  0,  0, 0, 0, 48846, 23246, 0, 0.0004923234017723642, 0.0, 0,  0.0, 0.0,  0.8906677364064038, 0.42387221472594, 0.0004923234017723642, 1.0, 6.0, 2.7386492104591373,  0.5404984529628353, 0.0, 10.176, 7.647959155389921, 2.8396947435088356, 60.0, 284.0, 164.2932788738558, 32.343293980298284, 44.0, 60.0, 59.994602676780566, 0.2522642814657088, 54842, 0
0, 0.4106433146227125, 0.4169532717573677, 16, 0, 0,  0,  0, 0, 0, 65281, 28175, 0, 0.5821548615098189, 0.5703989431379216, 0,  0.5679964771264054, 0.00045708170056689277,  0.3638872011549674, 0.15705215748136836, 0.5833087140953963, 1.0, 32.0, 4.372549456797418,  2.243505422948811, 0.0, 46.464, 2.378516179020483, 2.2614258171276393, 40.0, 2084.0, 324.493419695762, 190.17987467154921, 40.0, 208.0, 70.11221913165625, 10.26770133313504, 179399, 0
0, 0.9730144294072134, 0.9731230232526572, 16, 0, 0,  0,  0, 0, 0, 65530, 25444, 0, 0.026876976747342844, 0.0001764649988461904, 0,  6.787115340238091e-05, 0.0022397480622785705,  0.8895193364916043, 0.34538272543403603, 0.029116724809621415, 1.0, 14.0, 1.1284393706986657,  0.7743282737031757, 0.0, 26.976, 0.006925681087024408, 0.21971885561330373, 40.0, 924.0, 66.9639196948513, 42.17425661732343, 40.0, 67.0, 59.84524019601189, 1.0739064417633624, 73669, 0
0, 0.9997816347806486, 0.9194373221380068, 16, 0, 0,  0,  0, 0, 0, 129870, 9828, 0, 7.748443267307205e-05, 9.861655067481897e-05, 0,  1.4088078667831282e-05, 0.0,  0.9148093882956242, 0.06922881857372291, 7.748443267307205e-05, 1.0, 13.0, 1.2329956890479277,  0.7876324833718256, 0.0, 27.2, 0.5419417880590126, 1.8390836592443893, 40.0, 808.0, 63.000197233101346, 50.49825403389359, 40.0, 68.0, 49.02199149080049, 3.3520945129271777, 141964, 0
0, 0.9741584905660378, 0.9742188679245283, 16, 0, 0,  0,  0, 0, 0, 65395, 25646, 0, 0.025781132075471697, 0.0005283018867924528, 0,  0.0005283018867924528, 0.00010566037735849057,  0.9870943396226415, 0.38710943396226416, 0.02588679245283019, 1.0, 17.0, 1.1700075471698113,  1.1170009661332672, 0.0, 20.096, 0.0380184150943396, 0.3854889799494606, 45.0, 770.0, 67.87719245283019, 52.22505709841796, 41.0, 66.0, 59.683109433962265, 2.08977418484319, 66250, 0
0, 1.0, 0.9999558817041427, 16, 0, 0,  0,  0, 0, 0, 67999, 25707, 0, 0.0, 0.0, 0,  0.0, 0.02758864100942661,  1.0, 0.3780496772011353, 0.027632759305283902, 1.0, 4.0, 1.0277062897983793,  0.16475145753778825, 0.0, 13.312, 0.009855674348152307, 0.10987914574790093, 60.0, 180.0, 61.10825159193517, 6.59005830151152, 45.0, 60.0, 59.72346652156649, 1.6406536660741082, 67999, 0
0, 0.9642482543678265, 0.26036141328778206, 16, 0, 0,  0,  0, 0, 0, 57925, 24880, 0, 0.03566184182924271, 1.4983967155143995e-05, 0,  1.4983967155143995e-05, 0.0,  0.8679462974617159, 0.37280110281998263, 0.03566184182924271, 1.0, 14.0, 2.9066049327219874,  1.3022950766538446, 0.0, 15.36, 7.167687853995204, 3.272515438681358, 52.0, 843.0, 173.69640984146963, 74.91286616923148, 47.0, 61.0, 59.90626030147742, 0.5289865732871363, 66738, 0
0, 0.94987817612252, 0.9813847958644338, 16, 0, 0,  0,  0, 0, 0, 65536, 1404, 0, 0.01843472431707726, 2.5782831212695467e-05, 0,  2.5782831212695467e-05, 0.018679661213597865,  0.844851813177605, 0.01809954751131222, 0.03716595119310052, 1.0, 101.0, 1.1506748656069923,  1.080624891702526, 0.0, 43.2, 0.5296713462505327, 3.877816099092839, 40.0, 6364.0, 55.978239290456486, 60.23040332455156, 40.0, 63.0, 48.13644274277758, 1.137434883221416, 77571, 0
0, 0.9999617183851284, 0.6582293987489568, 16, 0, 0,  0,  0, 0, 0, 130611, 16383, 0, 3.828161487164174e-05, 0.9999617183851284, 0,  0.0, 0.0,  1.0, 0.12543353928842135, 3.828161487164174e-05, 1.0, 5.0, 2.2589980935755793,  0.5982303318757005, 0.0, 4.768, 1.2381830014314883, 0.5867516123391363, 64.0, 272.0, 144.57440797482602, 38.282597352221174, 54.0, 64.0, 63.999647809143184, 0.056974326673653326, 130611, 0
0, 1.0, 0.9998903989478299, 16, 0, 0,  0,  0, 0, 0, 51891, 3923, 0, 0.0, 0.0, 0,  0.0, 0.0,  0.8124725997369575, 0.06142356109475794, 0.0, 1.0, 3.0, 1.940768459948644,  0.23649332625380726, 0.0, 3.04, 2.7756472724987673, 0.6983682131461381, 48.0, 144.0, 93.15688607753492, 11.351679660182745, 48.0, 48.0, 48.0, 0.0, 63868, 0
0, 0.9778272095631686, 0.9780869146285465, 16, 0, 0,  0,  0, 0, 0, 123275, 15, 0, 0.02191308537145352, 0.0003538011035583358, 0,  0.0001279706119253555, 0.0016862010041929195,  0.4639875642675941, 5.645762290824507e-05, 0.023599286375646438, 1.0, 16.0, 1.1030690363812923,  0.6963114625660267, 0.0, 55.488, 0.012777549438058354, 0.5188585721835448, 40.0, 8808.0, 65.64223933515504, 41.85807003879568, 40.0, 550.0, 59.880554489133786, 1.3538020043074586, 265686, 0
0, 1.0, 1.0, 15, 0, 0,  0,  0, 0, 0, 69316, 1, 0, 0.0, 0.0, 0,  0.0, 0.0,  0.43668023233837744, 6.299847543689443e-06, 0.0, 1.0, 2.0, 1.0001133972557865,  0.010648072675822977, 0.0, 15.456, 0.0009164514218755909, 0.09625494505680345, 40.0, 80.0, 40.00453589023146, 0.4259229070329179, 40.0, 40.0, 40.0, 0.0, 158734, 0
0, 1.0, 1.0, 15, 0, 0,  0,  0, 0, 0, 69137, 1, 0, 0.0, 0.0, 0,  0.0, 0.0,  0.4591623940706107, 6.6413410195786735e-06, 0.0, 1.0, 2.0, 1.0001793162075285,  0.013389543037902366, 0.0, 15.392, 0.001939696623542225, 0.15784829872676792, 40.0, 80.0, 40.00717264830114, 0.5355817215160869, 40.0, 40.0, 40.0, 0.0, 150572, 0
0, 1.0, 1.0, 16, 0, 0,  0,  0, 0, 0, 74355, 1, 0, 0.0, 0.0, 0,  0.0, 0.0,  0.6076989089125904, 8.172939397654367e-06, 0.0, 1.0, 2.0, 1.0000572105757837,  0.007563486367617497, 0.0, 10.496, 0.0004017163172735074, 0.059271751614015704, 40.0, 80.0, 40.002288423031345, 0.3025394547046991, 40.0, 40.0, 40.0, 0.0, 122355, 0
0, 1.0, 1.0, 16, 0, 0,  0,  0, 0, 0, 87122, 1, 0, 0.0, 0.0, 0,  0.0, 0.0,  0.5509900770938344, 6.324350647297288e-06, 0.0, 1.0, 2.0, 1.000018973051942,  0.004355746344105802, 0.0, 14.592, 0.000106856228536735, 0.03691170066995533, 40.0, 80.0, 40.00075892207767, 0.17422985376422975, 40.0, 40.0, 40.0, 0.0, 158119, 0
0, 1.0, 0.9999714208958977, 16, 0, 0,  0,  0, 0, 0, 137213, 28100, 0, 0.0, 0.0, 0,  0.0, 0.015541316810800615,  0.7842849222362578, 0.16061456505461466, 0.01556989591490286, 1.0, 4.0, 1.0156041908398254,  0.1244322427448443, 0.0, 14.4, 0.009274262230428074, 0.19811924530988098, 40.0, 180.0, 60.6239390007602, 4.977777684262259, 40.0, 60.0, 59.84405526055569, 1.2405783460345163, 174953, 0
0, 1.0, 0.9999927624865201, 16, 0, 0,  0,  0, 0, 0, 131081, 3278, 0, 0.0, 0.0, 0,  0.0, 0.0,  0.9487005044546896, 0.02372456918701011, 0.0, 1.0, 3.0, 1.0513067330587904,  0.22064685722660052, 0.0, 3.2, 0.15226917760134925, 0.6549927930574324, 40.0, 144.0, 42.87311915118442, 12.355731383924944, 40.0, 48.0, 40.410395964362486, 1.7647946660322247, 138169, 0
0, 0.9359280025151959, 0.9360066023894362, 16, 0, 0,  0,  0, 0, 0, 65397, 25731, 0, 0.0638623978201635, 0.03775413959337665, 0,  0.03754453992873611, 9.169985328023475e-05,  0.8566993292810732, 0.33707556067910294, 0.06398029763152378, 1.0, 29.0, 1.717263152378956,  1.9285321225654273, 0.0, 46.56, 0.859379165793615, 1.3971717680014817, 40.0, 13873.0, 318.8579438272899, 1199.5786227725148, 40.0, 1500.0, 81.50116589813456, 110.31790353853457, 76336, 0
0, 0.9991223796525558, 0.9990422926246522, 16, 0, 0,  0,  0, 0, 0, 131072, 375, 0, 0.0008776203474442228, 0.0019821539406154687, 0,  0.0008776203474442228, 0.00130808812242637,  0.4373819550578295, 0.0012513598109946142, 0.0021890454293665785, 1.0, 24.0, 1.0061066358776538,  0.1617952457074645, 0.0, 60.064, 0.00393494263766625, 0.4240953022618166, 40.0, 960.0, 40.47745216468562, 12.372355626230535, 40.0, 140.0, 40.07662326394682, 1.7441383376187198, 299343, 331
0, 0.9606809322152733, 0.9616134279384132, 16, 0, 0,  0,  0, 0, 0, 120469, 3440, 0, 0.03789578483888156, 0.036479513139075076, 0,  0.03597470342429256, 0.030036178029559414,  0.8446377990296435, 0.024118686372942198, 0.06800207532882743, 1.0, 34.0, 1.2365804750820315,  1.1080413853085436, 0.0, 49.344, 0.21349793869366382, 1.4699559358830006, 40.0, 2073.0, 57.10045012199568, 82.72922734904299, 40.0, 209.0, 41.291120958016656, 7.243299989386333, 142628, 0
0, 1.0, 1.0, 10, 0, 0,  0,  0, 0, 0, 64309, 2, 0, 0.0, 1.0, 0,  0.0, 0.0,  0.782500243356371, 2.433563710697946e-05, 0.0, 1.0, 1.0, 1.0,  0.0, 0.0, 0.0, 0.0, 0.0, 404.0, 404.0, 404.0, 0.0, 404.0, 404.0, 404.0, 0.0, 0, 82184
0, 1.0, 0.20705749387806358, 16, 0, 0,  0,  0, 0, 0, 131071, 8, 0, 0.0, 0.0, 0,  0.0, 0.0,  0.45721272246523925, 2.790626286304304e-05, 0.0, 1.0, 3.0, 2.705735434674927,  0.6181266837608391, 0.0, 9.216, 7.736586757090438, 2.8375169839059717, 48.0, 152.0, 137.07588410529033, 31.514789832037582, 48.0, 52.0, 50.07986772431403, 0.767561961693502, 286674, 0
0, 0.9039038661962104, 0.9035522796619747, 16, 0, 0,  0,  0, 0, 0, 65279, 26073, 0, 0.09534273408757016, 0.07292909253004182, 0,  0.07257750599580608, 7.533997162194403e-05,  0.819686334584814, 0.32738984668315774, 0.09551852735468803, 1.0, 88.0, 2.7903037456522557,  2.790944279826029, 0.0, 55.008, 2.8231157096397337, 1.234717517169574, 40.0, 3524.0, 157.09278117505244, 245.09639107827437, 40.0, 184.0, 46.66629415236254, 9.874963530140157, 79639, 0
0, 0.0, 0.48, 1, 0, 0,  0,  0, 0, 0, 5, 25, 0, 0.52, 0.52, 0,  0.52, 0.0,  0.2, 1.0, 0.52, 1.0, 5.0, 3.4,  1.6468206698329013, 0.0, 0.192, 0.09087999999999999, 0.08546740828783222, 52.0, 437.0, 255.92, 173.10163402257726, 40.0, 87.0, 65.36, 20.325227117273524, 25, 0
0, 0.0, 1.0, 1, 0, 0,  0,  0, 0, 0, 1, 4, 0, 0.0, 0.0, 0,  0.0, 0.0,  0.25, 1.0, 0.0, 2.0, 2.0, 2.0,  0.0, 0.0, 0.0, 0.0, 0.0, 104.0, 104.0, 104.0, 0.0, 52.0, 52.0, 52.0, 0.0, 4, 0
0, 1.0, 1.0, 1, 0, 0,  0,  0, 0, 0, 3, 4, 0, 0.0, 0.0, 0,  0.0, 1.0,  0.75, 1.0, 1.0, 1.0, 1.0, 1.0,  0.0, 0.0, 0.0, 0.0, 0.0, 40.0, 40.0, 40.0, 0.0, 40.0, 40.0, 40.0, 0.0, 4, 0
0, NaN, NaN, , 0, 0,  0,  0, 0, 0, 0, 0, 0, NaN, NaN, 0,  NaN, NaN,  NaN, NaN, NaN, , , NaN,  NaN, , , NaN, NaN, , , NaN, NaN, , , NaN, NaN, 0, 0
0, NaN, NaN, , 0, 0,  0,  0, 0, 0, 0, 0, 0, NaN, NaN, 0,  NaN, NaN,  NaN, NaN, NaN, , , NaN,  NaN, , , NaN, NaN, , , NaN, NaN, , , NaN, NaN, 0, 0
0, 0.9745324313569439, 0.9725427775567052, 3, 0, 0,  0,  0, 0, 0, 59, 114, 0, 0.024273776362912853, 0.9494627934739356, 0,  0.024273776362912853, 0.046159968165539196,  0.02347791484281735, 0.04536410664544369, 0.07361719060883407, 1.0, 6.0, 1.0795861520095504,  0.4660357060513127, 0.0, 16.224, 0.18797612415439713, 1.4669584847243522, 40.0, 441.0, 74.33545563072026, 47.06573977049666, 40.0, 111.0, 67.31277357739754, 7.795196814311075, 188, 0
0, NaN, NaN, , 0, 0,  0,  0, 0, 0, 0, 0, 0, NaN, NaN, 0,  NaN, NaN,  NaN, NaN, NaN, , , NaN,  NaN, , , NaN, NaN, , , NaN, NaN, , , NaN, NaN, 0, 0
0, 1.0, 0.9197080291970803, 2, 0, 0,  0,  0, 0, 0, 53, 125, 0, 0.0, 0.0, 0,  0.0, 0.9197080291970803,  0.38686131386861317, 0.9124087591240876, 1.0, 1.0, 4.0, 1.2773722627737227,  0.7797463207293923, 0.0, 3.04, 0.022189781021897812, 0.2576276883180335, 40.0, 160.0, 51.09489051094891, 31.189852829175706, 40.0, 40.0, 40.0, 0.0, 137, 0
0, 0.7794117647058824, 0.7303921568627451, 2, 0, 0,  0,  0, 0, 0, 86, 138, 0, 0.22058823529411764, 0.0196078431372549, 0,  0.0196078431372549, 0.7303921568627451,  0.4215686274509804, 0.6764705882352942, 1.0, 1.0, 31.0, 1.911764705882353,  2.3616471100936542, 0.0, 6.4, 1.0814117647058823, 2.048357569289179, 40.0, 2537.0, 107.3529411764706, 236.25629416360385, 40.0, 129.0, 44.245098039215684, 11.690508548645616, 204, 0
0, 0.5382059800664452, 0.5581395348837209, 3, 0, 0,  0,  0, 0, 0, 73, 157, 0, 0.42524916943521596, 0.4019933554817276, 0,  0.4019933554817276, 0.5116279069767442,  0.2425249169435216, 0.521594684385382, 0.9634551495016611, 1.0, 5578.0, 20.95016611295681,  318.61369564382437, 0.0, 45.952, 2.157820598006645, 4.544494216167128, 40.0, 290064.0, 1128.6312292358805, 16566.70270544942, 40.0, 197.0, 56.096345514950166, 20.63969285770996, 301, 0
0, 0.33370981608536604, 0.7997505099374589, 8, 0, 0,  0,  0, 0, 0, 466, 13516, 0, 0.033504155358136244, 0.14087759815242495, 0,  0.023583553884796278, 0.0001180020566072723,  0.003927782741356349, 0.11392255693599232, 0.03379073178132533, 1.0, 18987.0, 19.412501475025707,  146.72905954603118, 0.0, 60.96, 5.6634368267561515, 15.262869058848418, 40.0, 996932.0, 1726.0657945752769, 9738.39887773885, 40.0, 1363.0, 61.33822760910976, 32.97386977029923, 105133, 13509
0, 0.27994765281999323, 0.629305977710233, 9, 0, 0,  0,  0, 0, 0, 7496, 3449, 0, 0.09154846335697399, 0.16401553529213103, 0,  0.05809692671394799, 0.00037993920972644377,  0.06328942924687606, 0.029120229652144544, 0.09423336710570752, 1.0, 13999.0, 48.10786896318811,  342.39892759781696, 0.0, 60.992, 7.546210874704553, 15.540917657004528, 39.0, 997944.0, 6839.937563323201, 57779.6475314061, 39.0, 1500.0, 64.71161769672408, 75.96805248188637, 85480, 32960
0, 0.4901315789473684, 0.5592105263157895, 2, 0, 0,  0,  0, 0, 0, 79, 137, 0, 0.4276315789473684, 0.4342105263157895, 0,  0.40789473684210525, 0.4440789473684211,  0.2598684210526316, 0.4506578947368421, 0.8914473684210527, 1.0, 11.0, 2.526315789473684,  1.7564951295574476, 0.0, 21.44, 2.4573684210526303, 4.313547932603466, 40.0, 7118.0, 310.94407894736844, 711.9386373628032, 40.0, 777.0, 87.23026315789474, 89.89838615284789, 296, 8
0, 0.8771676300578035, 0.9166666666666666, 5, 0, 0,  0,  0, 0, 0, 78, 182, 0, 0.07466281310211946, 0.9224470134874759, 0,  0.030828516377649325, 0.0,  0.03757225433526012, 0.08766859344894026, 0.07514450867052024, 1.0, 6273.0, 13.672928709055876,  242.84565670993243, 0.0, 27.488, 0.36855491329479767, 1.7054640917926542, 52.0, 337528.0, 786.9918111753371, 13028.657246085573, 40.0, 533.0, 77.9980732177264, 31.904738595954676, 255, 1821
0, 0.017349636483807006, 0.9104428288169201, 3, 0, 0,  0,  0, 0, 0, 248, 1257, 0, 0.036269001982815595, 0.5712987442167878, 0,  0.03593853271645737, 0.012723066754791804,  0.020489094514210177, 0.10384996695307336, 0.049405155320555186, 1.0, 270.0, 2.323364177131527,  5.981080953349232, 0.0, 60.544, 1.2483621943159067, 3.7341542326165267, 40.0, 96732.0, 849.4133344348976, 3058.8254400575556, 40.0, 1369.0, 318.9572868473232, 265.2309775752573, 12104, 0
0, 0.5706214689265536, 0.6242937853107344, 3, 0, 0,  0,  0, 0, 0, 79, 127, 0, 0.3418079096045198, 0.4971751412429379, 0,  0.3333333333333333, 0.3983050847457627,  0.2231638418079096, 0.3587570621468927, 0.751412429378531, 1.0, 8.0, 2.132768361581921,  1.395079816637512, 0.0, 13.632, 1.6953672316384187, 3.1714875464462664, 40.0, 5896.0, 249.1949152542373, 438.68475646996563, 40.0, 737.0, 110.10734463276836, 123.21126072127086, 297, 57
0, 0.016564026332554684, 0.2896581015077511, 7, 0, 0,  0,  0, 0, 0, 294, 7103, 0, 0.5187937991080909, 0.5528774686770015, 0,  0.4496708430664685, 0.0130600976852835,  0.031216818857506903, 0.7541940964111277, 0.6262476109577405, 1.0, 3597.0, 17.367169250371628,  48.28345073298864, 0.0, 56.736, 2.8491212571670865, 4.614843626277792, 40.0, 210114.0, 2233.3479507326397, 7090.184287386771, 40.0, 1258.0, 108.15895094499894, 114.92293758702839, 9418, 0
0, 0.003287263404901951, 0.5978477728273567, 11, 0, 0,  0,  0, 0, 0, 3047, 36567, 0, 0.2545044812222831, 0.28336624042507, 0,  0.16594477810972016, 0.0023775804500863165,  0.031497772310491334, 0.37800427964481015, 0.2709511355530976, 1.0, 23537.0, 25.06859836463814,  316.37569413077506, 0.0, 60.896, 3.697843017666728, 8.149944032123557, 40.0, 955504.0, 1958.7528556808668, 14854.514396751105, 40.0, 1411.0, 100.82543390843215, 144.49419736973445, 96736, 1
0, 0.0013581129378127234, 0.5175839885632595, 8, 0, 0,  0,  0, 0, 0, 1247, 8533, 0, 0.3102930664760543, 0.37969978556111506, 0,  0.1518942101501072, 0.0002859185132237312,  0.0891350964974982, 0.6099356683345246, 0.32387419585418153, 1.0, 14425.0, 16.882558970693353,  213.37631776014203, 0.0, 60.896, 2.3905898498926916, 6.281308224856131, 40.0, 601060.0, 1531.924088634739, 10693.608877743081, 40.0, 1178.0, 134.65718370264474, 157.8532745175106, 13990, 0
0, 0.07524911927528938, 0.05331655762455964, 3, 0, 0,  0,  0, 0, 0, 165, 2261, 0, 0.9228283844992451, 0.996990437845999, 0,  0.9226270759939608, 0.0011977856064418722,  0.0016607951685958732, 0.022757926522395572, 0.9241570206341218, 1.0, 700.0, 15.235430296930046,  4.891824820745857, 0.0, 60.8, 0.9178002617001603, 2.0368254296699275, 40.0, 875776.0, 2375.909974836437, 3128.7464915038468, 40.0, 1500.0, 155.5299345747358, 29.61913283140083, 92004, 7346
0, 0.00031928480204342275, 0.0003959131545338442, 3, 0, 0,  0,  0, 0, 0, 47, 51, 0, 0.9993742017879949, 0.9991570881226054, 0,  0.9991443167305236, 0.0,  0.0006002554278416347, 0.0006513409961685823, 0.9994252873563219, 1.0, 6921.0, 14.163959131545338,  24.78610718821379, 0.0, 44.384, 2.4984643678162057, 0.5471638991277363, 40.0, 369197.0, 2413.558927203065, 1664.1470554229843, 40.0, 569.0, 170.697969348659, 4.80400402191771, 78298, 2
0, 0.7902458722182341, 0.7902458722182341, 1, 0, 0,  0,  0, 0, 0, 25, 40, 0, 0.20970926058865758, 0.8644113424264178, 0,  0.07416547020818377, 0.0,  0.0011216798277099785, 0.0017946877243359654, 0.20970926058865758, 1.0, 11512.0, 3.0154791816223976,  103.16896791668957, 0.0, 58.4, 0.044888729361091326, 0.6768752921623713, 68.0, 599153.0, 318.22805994257, 5403.540165873795, 40.0, 894.0, 88.32555635319454, 86.3179573612808, 4675, 17613
0, 0.0, 0.0, 1, 0, 0,  0,  0, 0, 0, 24, 35, 0, 1.0, 0.41025641025641024, 0,  0.41025641025641024, 0.0,  0.3076923076923077, 0.44871794871794873, 1.0, 3.0, 9537.0, 172.19230769230768,  1081.2852416702249, 5.056, 31.008, 6.5698461538461554, 3.5775334766445774, 132.0, 496396.0, 9253.192307692309, 56273.38615269586, 44.0, 103.0, 65.37179487179488, 15.001320957161514, 78, 0
0, 0.2982342807924203, 0.3031869078380706, 2, 0, 0,  0,  0, 0, 0, 121, 1375, 0, 0.6972437553832903, 0.9031007751937985, 0,  0.689922480620155, 0.0,  0.026055124892334195, 0.29608096468561584, 0.6972437553832903, 1.0, 19.0, 9.776916451335056,  6.127109892277575, 0.0, 20.32, 0.7649750215331632, 1.2820945109888722, 52.0, 4625.0, 1675.0574935400516, 1121.3459939355794, 47.0, 447.0, 141.0947459086994, 51.17925412210716, 3259, 1385
0, 0.3652694610778443, 0.5778443113772455, 2, 0, 0,  0,  0, 0, 0, 91, 279, 0, 0.4041916167664671, 0.281437125748503, 0,  0.281437125748503, 0.3473053892215569,  0.27245508982035926, 0.8353293413173652, 0.7694610778443114, 1.0, 33.0, 3.895209580838323,  4.770231067741136, 0.0, 14.304, 1.0500598802395205, 2.2282099935821402, 40.0, 3584.0, 396.9071856287425, 550.7876184342144, 40.0, 295.0, 74.45508982035928, 50.806284702252015, 334, 0
0, 0.0, 0.34615384615384615, 1, 0, 0,  0,  0, 0, 0, 21, 1, 0, 0.6394230769230769, 0.8461538461538461, 0,  0.6394230769230769, 0.0,  0.10096153846153846, 0.004807692307692308, 0.6394230769230769, 1.0, 17.0, 8.89423076923077,  6.165120230320022, 0.0, 29.984, 2.44723076923077, 3.516060191304782, 40.0, 4007.0, 1469.7259615384614, 1123.095257852645, 40.0, 836.0, 146.15865384615384, 95.37077228482458, 208, 0
0, 0.5, 0.5433333333333333, 2, 0, 0,  0,  0, 0, 0, 74, 129, 0, 0.44666666666666666, 0.45, 0,  0.4266666666666667, 0.4533333333333333,  0.24666666666666667, 0.43, 0.9233333333333333, 1.0, 9.0, 2.4766666666666666,  1.6167730432139693, 0.0, 14.656, 2.0414933333333334, 3.811647732657667, 40.0, 6998.0, 294.94666666666666, 601.9259425273899, 40.0, 777.0, 87.20666666666666, 83.0048095880974, 293, 7
0, 0.12378161628624305, 0.6392350400987045, 8, 0, 0,  0,  0, 0, 0, 1204, 18965, 0, 0.31289327575570636, 0.3595311536088834, 0,  0.19935225169648366, 0.0,  0.03713756940160395, 0.5849784083898828, 0.3161320172732881, 1.0, 16755.0, 13.776896977174584,  281.1138490080929, 0.0, 60.896, 2.2572101172115744, 5.923388387067618, 40.0, 912902.0, 1514.9202344231956, 17086.208784787992, 40.0, 1417.0, 89.02072794571252, 108.18229530855014, 28621, 3799
0, NaN, NaN, , 0, 0,  0,  0, 0, 0, 0, 0, 0, NaN, NaN, 0,  NaN, NaN,  NaN, NaN, NaN, , , NaN,  NaN, , , NaN, NaN, , , NaN, NaN, , , NaN, NaN, 0, 0
0, 0.08143426294820717, 0.915484727755644, 3, 0, 0,  0,  0, 0, 0, 190, 2968, 0, 0.034448871181938914, 0.9753784860557769, 0,  0.032855245683930945, 0.0032669322709163347,  0.005046480743691899, 0.07883134130146083, 0.037715803452855245, 1.0, 1148.0, 3.667410358565737,  12.015294971324566, 0.0, 60.96, 1.402387038512035, 7.384598905010096, 40.0, 187700.0, 419.88892430278884, 1927.0775990460204, 40.0, 558.0, 82.78754316069057, 39.262835035020295, 34707, 2943
0, 1.0, 1.0, 1, 0, 0,  0,  0, 0, 0, 1, 1, 0, 0.0, 1.0, 0,  0.0, 0.0,  0.001718213058419244, 0.001718213058419244, 0.0, 1.0, 1.0, 1.0,  0.0, 0.0, 0.0, 0.0, 0.0, 76.0, 76.0, 76.0, 0.0, 76.0, 76.0, 76.0, 0.0, 0, 582
0, 0.9013215859030838, 0.9212922173274596, 2, 0, 0,  0,  0, 0, 0, 40, 306, 0, 0.06960352422907488, 0.9177679882525698, 0,  0.014390602055800294, 0.0,  0.011747430249632892, 0.08986784140969163, 0.06960352422907488, 1.0, 6580.0, 20.815565345080763,  208.28272664204277, 0.0, 24.448, 0.23832246696035203, 1.6407532136130025, 52.0, 344683.0, 1145.912187958884, 11022.267737259392, 52.0, 435.0, 74.91395007342143, 13.31863086095854, 336, 3069
0, 0.024278340661441408, 0.6597208946664118, 7, 0, 0,  0,  0, 0, 0, 409, 3264, 0, 0.2603708659912063, 0.26323838654177023, 0,  0.21238768877843625, 0.022175492257694513,  0.07818772701204359, 0.6239724718027145, 0.3223093098833875, 1.0, 730.0, 5.049512521506404,  16.11703528598296, 0.0, 44.096, 1.4934414069967512, 3.1455311992507284, 40.0, 44896.0, 507.2385777098069, 1232.947891238525, 40.0, 693.0, 74.6191932708851, 58.378770644569244, 5231, 0
0, 0.28596938585307297, 0.6280522811491116, 15, 0, 0,  0,  0, 0, 0, 12451, 15328, 0, 0.15794320054279345, 0.1352920124365312, 0,  0.07271419091715689, 0.0007194995563707398,  0.046417041328352754, 0.057142431088345595, 0.1696154964546939, 1.0, 6788.0, 26.34826388112227,  238.97911569228089, 0.0, 60.992, 5.4756913533292355, 12.60417439512264, 39.0, 968242.0, 3101.917731004093, 37954.315820235635, 39.0, 1460.0, 60.23168631310533, 58.54769630025856, 191761, 76454
0, 0.0011771771771771772, 0.6791351351351351, 8, 0, 0,  0,  0, 0, 0, 1617, 11075, 0, 0.15132732732732732, 0.21237237237237236, 0,  0.09996396396396397, 0.0,  0.03884684684684685, 0.2660660660660661, 0.15502702702702703, 1.0, 2030.0, 8.574678678678678,  39.43955926703301, 0.0, 60.96, 4.186126606606788, 10.311349258043741, 40.0, 125314.0, 1153.8424504504505, 4990.51542527202, 40.0, 1205.0, 84.7191111111111, 119.9152624758311, 41620, 1
0, 0.0, 0.1141732283464567, 8, 0, 0,  0,  0, 0, 0, 93, 461, 0, 0.812992125984252, 0.4015748031496063, 0,  0.3110236220472441, 0.0,  0.1830708661417323, 0.90748031496063, 0.8169291338582677, 1.0, 3052.0, 19.643700787401574,  138.31261062969222, 0.0, 60.544, 2.793196850393697, 11.196419559120969, 40.0, 123408.0, 1537.3996062992126, 6462.650753583511, 40.0, 506.0, 77.91929133858268, 91.11251600781564, 508, 0
0, 0.649402390438247, 0.3346613545816733, 3, 0, 0,  0,  0, 0, 0, 65, 111, 0, 0.2450199203187251, 0.42231075697211157, 0,  0.00398406374501992, 0.2290836653386454,  0.1294820717131474, 0.22111553784860558, 0.4760956175298805, 1.0, 8.0, 3.547808764940239,  1.828105523288119, 0.0, 59.424, 25.795250996015913, 28.498554867895365, 40.0, 1640.0, 760.8725099601594, 746.1836185700739, 40.0, 328.0, 164.10756972111554, 138.61912851675623, 292, 210
0, 1.0, 1.0, 3, 0, 0,  0,  0, 0, 0, 47, 126, 0, 0.0, 0.0, 0,  0.0, 1.0,  0.3671875, 0.984375, 1.0, 1.0, 2.0, 1.046875,  0.2104117118949485, 0.0, 0.0, 0.0, 0.0, 40.0, 80.0, 41.875, 8.416468475797942, 40.0, 40.0, 40.0, 0.0, 128, 0
0, 0.4368231046931408, 0.5595667870036101, 3, 0, 0,  0,  0, 0, 0, 72, 111, 0, 0.4404332129963899, 0.007220216606498195, 0,  0.007220216606498195, 0.4368231046931408,  0.259927797833935, 0.4007220216606498, 0.8772563176895307, 1.0, 7.0, 2.6353790613718413,  1.8430914350902896, 0.0, 15.392, 1.8990902527075808, 3.5744875115245325, 40.0, 414.0, 135.37184115523465, 107.68938391251217, 40.0, 62.0, 46.191335740072205, 7.231429032337574, 277, 0
0, 0.004476776720761052, 0.650111919418019, 8, 0, 0,  0,  0, 0, 0, 748, 3910, 0, 0.22202014549524343, 0.36080022383883603, 0,  0.21782316731952994, 0.0,  0.10464465584778959, 0.547006155567991, 0.2246782316731953, 1.0, 5772.0, 8.037213206491327,  92.2789134942717, 0.0, 60.256, 1.5688550643536399, 5.921215730736067, 40.0, 231251.0, 1339.0895355344153, 6537.325813373463, 40.0, 1196.0, 119.476496922216, 169.40756494605063, 7121, 1
0, 0.006481272138066169, 0.5052377722511117, 8, 0, 0,  0,  0, 0, 0, 1167, 9492, 0, 0.35518878589192854, 0.2726656115758535, 0,  0.1378400783781747, 0.0024869997739091114,  0.08794935564096767, 0.7153515713316754, 0.3847313286607883, 1.0, 2057.0, 6.569598311854699,  41.10841749574227, 0.0, 60.8, 3.2268463335593585, 8.3097411512887, 40.0, 164595.0, 997.2207400708418, 4589.982419796399, 40.0, 1233.0, 115.58806240108524, 149.08811744591893, 13269, 0
0, 0.7297297297297297, 0.7258687258687259, 4, 0, 0,  0,  0, 0, 0, 100, 140, 0, 0.26640926640926643, 0.03861003861003861, 0,  0.0, 0.6795366795366795,  0.3861003861003861, 0.5405405405405406, 0.9575289575289575, 1.0, 5.0, 1.694980694980695,  1.0969220220361453, 0.0, 22.368, 1.6588108108108097, 2.7916258351265535, 40.0, 412.0, 91.02702702702703, 81.3479739643021, 40.0, 412.0, 54.36293436293436, 57.68753047855113, 249, 10
0, 0.24099378881987576, 0.3490683229813665, 7, 0, 0,  0,  0, 0, 0, 130, 688, 0, 0.2422360248447205, 0.5813664596273292, 0,  0.10496894409937889, 0.0006211180124223603,  0.08074534161490683, 0.42732919254658386, 0.253416149068323, 1.0, 273.0, 6.363354037267081,  23.08041863939161, 0.0, 59.84, 5.560387577639665, 6.892489394250519, 40.0, 23224.0, 426.2913043478261, 1230.462600701586, 40.0, 670.0, 73.49937888198758, 46.26699394939849, 1234, 376
0, 0.73125, 0.75, 4, 0, 0,  0,  0, 0, 0, 55, 120, 0, 0.0125, 0.0125, 0,  0.0125, 0.71875,  0.34375, 0.75, 0.73125, 1.0, 233.0, 22.64375,  52.47239506078878, 0.0, 60.8, 9.176199999999998, 19.68259214595222, 40.0, 9320.0, 914.0125, 2097.7385442404297, 40.0, 166.0, 41.31875, 11.258507815640481, 160, 0
0, 0.9032258064516129, 0.9032258064516129, 3, 0, 0,  0,  0, 0, 0, 16, 19, 0, 0.06451612903225806, 0.06451612903225806, 0,  0.06451612903225806, 0.8709677419354839,  0.5161290322580645, 0.6129032258064516, 0.967741935483871, 1.0, 5.0, 1.3225806451612903,  0.8937499506104349, 0.0, 9.088, 0.30451612903225805, 1.473612446071643, 40.0, 439.0, 67.93548387096774, 88.99841472137759, 40.0, 96.0, 43.32258064516129, 12.214971817367822, 31, 0
0, 0.001334668001334668, 0.47989656322989654, 8, 0, 0,  0,  0, 0, 0, 186, 3938, 0, 0.41066066066066065, 0.41975308641975306, 0,  0.30588922255588924, 0.0,  0.015515515515515516, 0.32849516182849514, 0.41866866866866864, 1.0, 4297.0, 6.44336002669336,  49.02098340804386, 0.0, 60.928, 2.179515515515429, 5.658024036031095, 40.0, 183651.0, 843.3591925258592, 3158.071611156932, 40.0, 1173.0, 110.97697697697697, 161.6285962040772, 11987, 1
0, 0.029989348954866196, 0.04030754892823858, 1, 0, 0,  0,  0, 0, 0, 25, 9, 0, 0.9596924510717614, 0.9894820929303688, 0,  0.9594428172014379, 0.0,  0.0004160564505392092, 0.0001497803221941153, 0.9596924510717614, 1.0, 710.0, 13.731477166821994,  4.117712913920012, 0.0, 36.0, 2.565567301291519, 1.6146630123805297, 52.0, 37995.0, 2247.550076554387, 479.63144573474875, 47.0, 239.0, 160.00109838902944, 19.094433825199353, 58286, 1802
0, 0.00017262213015708613, 0.005581448875079119, 16, 0, 0,  0,  0, 0, 0, 1513, 79, 0, 0.9936705218942402, 0.9831981126647102, 0,  0.979975832901778, 0.00017262213015708613,  0.08705909430922378, 0.004545716094136601, 0.9938431440243972, 1.0, 14821.0, 18.08188043040451,  157.96485030171547, 0.0, 60.576, 1.0433962828700767, 2.3711160113093843, 40.0, 967338.0, 17464.27228263997, 28265.20352558524, 40.0, 1500.0, 843.3588238678865, 483.0412130174771, 17379, 0
0, 0.001063778347275277, 0.014038650613284335, 8, 0, 0,  0,  0, 0, 0, 508, 5203, 0, 0.9146076108505391, 0.8494592460068018, 0,  0.8444788291991039, 0.0010154247860354915,  0.004093934851635156, 0.041930596521767165, 0.9157116838321809, 1.0, 3486.0, 14.827966088035717,  14.869870960118881, 0.0, 60.864, 0.6025838853689297, 1.9169195498068565, 40.0, 794974.0, 2308.2895653014843, 7193.128974909228, 40.0, 1500.0, 140.33939364634205, 59.32182734115071, 124085, 1
0, 0.01381244158271887, 0.7043306677744314, 8, 0, 0,  0,  0, 0, 0, 524, 3882, 0, 0.17499221102918266, 0.1675147990445529, 0,  0.08723647315401392, 0.009035206148094298,  0.05441894277702773, 0.40315712950462146, 0.1849620936753557, 1.0, 17527.0, 13.679717519991692,  253.11621537541964, 0.0, 60.928, 3.324181534946478, 7.28955774863211, 40.0, 917248.0, 1251.7979021705266, 14487.554002684998, 31.0, 1409.0, 91.3762592169488, 123.9622541924514, 9592, 37
0, 0.0, 0.0, 1, 0, 0,  0,  0, 0, 0, 24, 1, 0, 1.0, 0.0, 0,  0.0, 0.0,  0.39344262295081966, 0.01639344262295082, 1.0, 3.0, 8.0, 3.262295081967213,  0.7149269657759768, 5.12, 21.888, 5.797245901639344, 2.1933841512036416, 132.0, 428.0, 181.04918032786884, 37.66058851491894, 44.0, 56.0, 55.57377049180328, 1.566967223319689, 61, 0
0, 0.9761336515513126, 0.9766109785202864, 1, 0, 0,  0,  0, 0, 0, 24, 5, 0, 0.02386634844868735, 0.9761336515513126, 0,  0.0, 0.0,  0.011455847255369928, 0.002386634844868735, 0.02386634844868735, 1.0, 632.0, 1.5498806682577566,  15.577573974176673, 0.0, 6.592, 0.12101957040572794, 0.7967017449403265, 76.0, 33878.0, 105.5799522673031, 842.000371772327, 44.0, 76.0, 75.45966587112171, 3.4728238047264357, 50, 2045
0, 0.0035872092128154203, 0.007220605668714301, 4, 0, 0,  0,  0, 0, 0, 173, 949, 0, 0.9923021261527566, 0.9874678613766877, 0,  0.9835727372099826, 0.0,  0.0026634643511462136, 0.014610564562067958, 0.9923329176481456, 1.0, 12895.0, 14.700460332856066,  70.21051807412653, 0.0, 44.544, 2.498403707296108, 0.8658932220283042, 40.0, 696050.0, 2411.95151879051, 3749.744729326757, 40.0, 999.0, 168.79968592674703, 17.013255092650347, 64728, 225
0, 0.10250783699059561, 0.1542319749216301, 1, 0, 0,  0,  0, 0, 0, 60, 110, 0, 0.845141065830721, 0.9390282131661442, 0,  0.8449843260188088, 0.011598746081504702,  0.009404388714733543, 0.017241379310344827, 0.8567398119122257, 1.0, 288.0, 13.537460815047021,  9.817653931773576, 0.0, 45.792, 3.4299736677116117, 4.286746905105321, 40.0, 20233.0, 2193.714263322884, 1123.8564766878146, 40.0, 346.0, 150.04263322884012, 37.60333288293745, 5800, 580
0, 0.0, 0.00045723041941622797, 7, 0, 0,  0,  0, 0, 0, 59, 423, 0, 0.9995427695805837, 0.9961073626455105, 0,  0.9960332171720916, 0.0,  0.0007290971552853365, 0.005227255876028769, 0.9995427695805837, 1.0, 326.0, 10.036912088183684,  3.520766190608193, 0.0, 30.464, 0.9713464323670074, 0.5171856374259383, 40.0, 16446.0, 2137.3042683077533, 200.3250058756611, 40.0, 276.0, 212.9075158794889, 12.31901933348631, 80922, 0
0, 0.004978806432079661, 0.764314068492229, 8, 0, 0,  0,  0, 0, 0, 583, 5101, 0, 0.09513557155352217, 0.0841687411693467, 0,  0.025701406176411222, 0.004978806432079661,  0.0392249209446276, 0.3432012379734912, 0.10031622148960506, 1.0, 18047.0, 5.255062907892081,  155.03765196565894, 0.0, 60.352, 3.312593150777082, 7.524962369413615, 40.0, 965840.0, 696.0101594563681, 9035.14152503924, 40.0, 1378.0, 81.09601022673753, 128.56315832958887, 14863, 0
0, 0.0, 0.0002026635784597568, 1, 0, 0,  0,  0, 0, 0, 24, 34, 0, 0.9997828604516502, 0.9996236247828605, 0,  0.9995801968731906, 0.0,  0.0003474232773595831, 0.0004921829762594093, 0.9997828604516502, 1.0, 1539.0, 14.088535031847133,  5.774142227351772, 0.0, 24.704, 2.6227020266358987, 0.8349976799195828, 52.0, 82303.0, 2406.766705269253, 373.8380611893609, 52.0, 1174.0, 170.72505790387956, 5.174648829814744, 69080, 0
0, NaN, NaN, , 0, 0,  0,  0, 0, 0, 0, 0, 0, NaN, NaN, 0,  NaN, NaN,  NaN, NaN, NaN, , , NaN,  NaN, , , NaN, NaN, , , NaN, NaN, , , NaN, NaN, 0, 0
0, 0.00015295197308045274, 0.7401651881309269, 8, 0, 0,  0,  0, 0, 0, 1380, 3826, 0, 0.13319057815845825, 0.1692872438054451, 0,  0.0793208932395228, 0.0,  0.04221474457020496, 0.11703884980116243, 0.13416947078617314, 1.0, 2212.0, 3.3549403487304987,  16.288688126846118, 0.0, 60.48, 2.7032159070052524, 6.611056416811506, 40.0, 90008.0, 501.48204343836034, 2045.5280554622582, 40.0, 1175.0, 82.36772713368002, 127.49511361583404, 32690, 0
0, 0.0010277492291880781, 0.6726618705035972, 5, 0, 0,  0,  0, 0, 0, 181, 134, 0, 0.236896197327852, 0.2970195272353546, 0,  0.19578622816032887, 0.0005138746145940391,  0.09301130524152107, 0.06885919835560124, 0.23741007194244604, 1.0, 14161.0, 18.12230215827338,  261.85336329333506, 0.0, 59.936, 1.897751284686541, 5.159851071431023, 40.0, 970845.0, 11928.839671120246, 64430.870829549945, 40.0, 1500.0, 295.11459403905445, 434.2756021701065, 1946, 0
0, 0.0024265534275067164, 0.7948695727532715, 5, 0, 0,  0,  0, 0, 0, 85, 3570, 0, 0.17341190744431925, 0.17661842447352458, 0,  0.17055204090475778, 0.0,  0.007366322904931103, 0.3093855620071063, 0.17341190744431925, 1.0, 528.0, 2.8545801195944187,  7.841220269076601, 0.0, 36.576, 0.36507565646936846, 1.5827060002309659, 40.0, 37924.0, 430.8020625704134, 1627.5650042949565, 40.0, 1354.0, 67.29811942109369, 92.40435499169222, 11538, 1
0, 0.7187005021399926, 0.7507498399218144, 12, 0, 0,  0,  0, 0, 0, 1443, 18235, 0, 0.23998247565126546, 0.8850807131061909, 0,  0.23785933340073467, 0.0027971556633977017,  0.04863006773834799, 0.6145317291814107, 0.24341994405688674, 1.0, 855.0, 3.307282714926027,  9.871772344547342, 0.0, 59.296, 0.31698904728203986, 1.486567467575852, 40.0, 874979.0, 501.22424426246084, 7446.931260093209, 40.0, 1382.0, 82.91625383345128, 47.78757168714088, 8448, 21225
0, 0.7515151515151515, 0.6606060606060606, 1, 0, 0,  0,  0, 0, 0, 25, 3, 0, 0.23030303030303031, 0.9515151515151515, 0,  0.20606060606060606, 0.006060606060606061,  0.15151515151515152, 0.01818181818181818, 0.23636363636363636, 1.0, 6.0, 2.121212121212121,  1.1728981498467153, 0.0, 17.856, 2.096484848484848, 3.621615199512856, 40.0, 4709.0, 514.1333333333333, 446.5927885805406, 40.0, 941.0, 263.630303030303, 111.58759709434365, 42, 123
0, 0.9770114942528736, 0.9770114942528736, 1, 0, 0,  0,  0, 0, 0, 18, 2, 0, 0.022988505747126436, 0.9770114942528736, 0,  0.0, 0.0,  0.009852216748768473, 0.0010946907498631637, 0.022988505747126436, 1.0, 3.0, 1.0459770114942528,  0.2986877318744725, 0.0, 6.144, 0.11875205254515599, 0.7720969140305552, 76.0, 164.0, 78.00547345374932, 13.048737665856175, 44.0, 76.0, 75.48877941981391, 3.329366637735085, 42, 1785
0, 0.48031496062992124, 0.515748031496063, 3, 0, 0,  0,  0, 0, 0, 61, 92, 0, 0.484251968503937, 0.468503937007874, 0,  0.468503937007874, 0.48031496062992124,  0.24015748031496062, 0.36220472440944884, 0.9645669291338582, 1.0, 6.0, 2.4173228346456694,  1.4773096636345253, 0.0, 21.536, 2.1916220472440937, 4.0147537675433895, 40.0, 974.0, 242.9448818897638, 222.62740656070739, 40.0, 292.0, 78.30708661417323, 47.680057710695934, 254, 0
0, 0.010075566750629723, 0.9030226700251889, 4, 0, 0,  0,  0, 0, 0, 18, 73, 0, 0.036523929471032744, 0.11586901763224182, 0,  0.036523929471032744, 0.0,  0.022670025188916875, 0.09193954659949623, 0.037783375314861464, 1.0, 120.0, 2.8261964735516374,  5.796029437886267, 0.0, 45.952, 0.9912342569269541, 3.454103833520917, 40.0, 10660.0, 222.3148614609572, 627.3183355820964, 40.0, 326.0, 60.202770780856426, 27.881684783571828, 794, 0
0, 8.159268929503917e-05, 0.9296671018276762, 4, 0, 0,  0,  0, 0, 0, 120, 647, 0, 0.020806135770234987, 0.05197454308093995, 0,  0.012483681462140992, 0.0,  0.0097911227154047, 0.052790469973890336, 0.020806135770234987, 1.0, 9494.0, 3.5680483028720626,  93.3914548063325, 0.0, 59.904, 0.6303472584856378, 2.7320897746558095, 40.0, 394840.0, 228.16522519582244, 4007.3592209622825, 40.0, 992.0, 57.47078981723238, 51.57699959988023, 12255, 1
0, 0.2604501607717042, 0.5884244372990354, 3, 0, 0,  0,  0, 0, 0, 100, 263, 0, 0.22508038585209003, 0.2958199356913183, 0,  0.13183279742765272, 0.2604501607717042,  0.3215434083601286, 0.8456591639871383, 0.5144694533762058, 1.0, 87.0, 5.585209003215434,  9.958677586482128, 0.0, 59.328, 3.11830225080386, 7.927293768438073, 40.0, 16032.0, 722.9646302250804, 1758.079050246824, 40.0, 617.0, 85.19614147909968, 102.68875967694949, 311, 0
0, 0.13406940063091483, 0.4479495268138801, 2, 0, 0,  0,  0, 0, 0, 143, 239, 0, 0.25709779179810727, 0.4416403785488959, 0,  0.20504731861198738, 0.1309148264984227,  0.22555205047318613, 0.37697160883280756, 0.39274447949526814, 1.0, 14765.0, 667.6340694006309,  1974.7251858650754, 0.0, 59.968, 4.806359621451103, 10.166412267347315, 40.0, 802316.0, 37875.97476340694, 107975.48465664519, 40.0, 1168.0, 146.0236593059937, 186.4919933332208, 634, 0
0, 0.359504132231405, 0.49173553719008267, 3, 0, 0,  0,  0, 0, 0, 60, 85, 0, 0.5165289256198347, 0.5289256198347108, 0,  0.5082644628099173, 0.3305785123966942,  0.24793388429752067, 0.3512396694214876, 0.8471074380165289, 1.0, 8.0, 2.950413223140496,  1.8974177479422516, 0.0, 13.12, 1.6637355371900826, 3.2426143859588845, 40.0, 2021.0, 541.9586776859504, 496.0608044363203, 40.0, 361.0, 131.8099173553719, 86.35264881566015, 235, 7
0, 0.999735927115884, 0.9996919149685313, 3, 0, 0,  0,  0, 0, 0, 57, 4069, 0, 0.00026407288411601604, 0.00017604858941067735, 0,  0.00017604858941067735, 0.004489239029972272,  0.0025086923991021522, 0.17908542757801152, 0.004797324061440958, 1.0, 3510.0, 1.184190836670921,  23.672001887186685, 0.0, 21.888, 0.002260463888033097, 0.1846986236728079, 35.0, 141104.0, 42.470665903789445, 951.8067925036413, 35.0, 84.0, 35.03116060032569, 0.6970766116842906, 109, 22612
0, 0.25, 0.5825242718446602, 4, 0, 0,  0,  0, 0, 0, 110, 354, 0, 0.2645631067961165, 0.24029126213592233, 0,  0.14320388349514562, 0.24514563106796117,  0.2669902912621359, 0.8592233009708737, 0.5606796116504854, 1.0, 17552.0, 244.41504854368932,  1943.9001815983381, 0.0, 60.832, 2.4008543689320385, 7.437144142488707, 40.0, 704072.0, 10093.233009708738, 77962.94129227931, 40.0, 662.0, 80.89805825242719, 101.16045291897194, 410, 2
0, 0.01745969766274335, 0.5391309198415798, 8, 0, 0,  0,  0, 0, 0, 829, 5605, 0, 0.25977575723768614, 0.4607017348134099, 0,  0.23032297651586991, 0.004406760751938417,  0.04624309700451833, 0.3126568862609472, 0.2665253528197691, 1.0, 18633.0, 10.951246722820327,  226.34306961190757, 0.0, 60.928, 2.1280151726445737, 5.395813654169969, 40.0, 762500.0, 1636.6279912980422, 10568.175119603236, 40.0, 1460.0, 151.47648797902605, 182.90296389469623, 17904, 23
0, 1.0, 1.0, 2, 0, 0,  0,  0, 0, 0, 42, 74, 0, 0.0, 0.0, 0,  0.0, 1.0,  0.5526315789473685, 0.9736842105263158, 1.0, 1.0, 2.0, 1.0394736842105263,  0.1908906204349237, 0.0, 0.0, 0.0, 0.0, 40.0, 80.0, 41.578947368421055, 7.6356248173969465, 40.0, 40.0, 40.0, 0.0, 76, 0
0, 1.0, 0.9999185501934433, 16, 0, 0,  0,  0, 0, 0, 65536, 1, 0, 0.0, 0.0, 0,  0.0, 0.021027625059390483,  0.8896490870834182, 1.3574967759451571e-05, 0.021109074865947194, 1.0, 6.0, 1.0212719744790606,  0.14707679357455372, 0.0, 15.456, 0.0020512319283241365, 0.09760972058228036, 40.0, 248.0, 48.8505531799362, 5.883340361384971, 40.0, 48.0, 47.91521075137447, 0.578320561948515, 73665, 0
0, 1.0, 0.9999864366319444, 16, 0, 0,  0,  0, 0, 0, 65536, 1, 0, 0.0, 0.0, 0,  0.0, 0.006035698784722222,  0.8888888888888888, 1.3563368055555555e-05, 0.006049262152777778, 1.0, 4.0, 1.0060763888888888,  0.07823213039367302, 0.0, 9.024, 0.0012135416666666653, 0.07118266264763519, 48.0, 168.0, 48.24305555555556, 3.129285215746931, 42.0, 48.0, 47.97577582465278, 0.31058555188415005, 73728, 0
0, 0.998771198854204, 0.9989746427525146, 16, 0, 0,  0,  0, 0, 0, 107632, 27610, 0, 0.00038247452882393153, 0.00030923472543211485, 0,  0.00017089287458090557, 1.627551186484815e-05,  0.875882946518668, 0.2246834412942287, 0.00039875004068877967, 1.0, 24233.0, 3.227718824257023,  209.2219428129466, 0.0, 60.992, 0.02454373230038084, 1.0171097920787717, 40.0, 995024.0, 131.37520751277629, 8503.79273970194, 40.0, 370.0, 40.0280345691872, 1.8337677225866087, 122874, 10
0, NaN, NaN, , 0, 0,  0,  0, 0, 0, 0, 0, 0, NaN, NaN, 0,  NaN, NaN,  NaN, NaN, NaN, , , NaN,  NaN, , , NaN, NaN, , , NaN, NaN, , , NaN, NaN, 0, 0
0, NaN, NaN, , 0, 0,  0,  0, 0, 0, 0, 0, 0, NaN, NaN, 0,  NaN, NaN,  NaN, NaN, NaN, , , NaN,  NaN, , , NaN, NaN, , , NaN, NaN, , , NaN, NaN, 0, 0
0, 1.0, 0.9998914901120365, 16, 0, 0,  0,  0, 0, 0, 65536, 1, 0, 0.0, 0.0, 0,  0.0, 0.018270352385861163,  0.8889130021973253, 1.3563735995442585e-05, 0.018378862273824702, 1.0, 230.0, 1.02467243577571,  1.1951884809174627, 0.0, 0.992, 0.004240566421615222, 0.03410322674852067, 48.0, 9208.0, 48.9868974310284, 47.80753923669857, 40.0, 48.0, 47.9261997124488, 0.5400819320609547, 73726, 0
0, 0.9694050166362322, 0.9696738850363532, 15, 0, 0,  0,  0, 0, 0, 75921, 39811, 0, 0.030180477913581215, 0.003764157601693871, 0,  0.0034952892015728803, 0.03103189451396435,  0.8505315752327393, 0.4459966615506985, 0.06133560377760102, 1.0, 361.0, 1.2170664216976799,  1.6369684703130503, 0.0, 45.696, 0.07015529390676915, 0.6608789900993516, 40.0, 14496.0, 52.03411267826535, 79.10901826554564, 40.0, 91.0, 40.500341686925154, 2.9463782483625462, 89263, 0
0, 0.7493486985706574, 0.7488088811697609, 16, 0, 0,  0,  0, 0, 0, 65285, 27059, 0, 0.250111484028446, 0.22767385640857135, 0,  0.22745088835167931, 0.00017602741333583684,  0.7661299786420072, 0.3175417184969606, 0.25034618724622715, 1.0, 166.0, 4.403008895251954,  4.563143711755874, 0.0, 59.68, 2.599451921045902, 2.1557765733901944, 40.0, 25109.0, 368.16851691036686, 504.5315661237197, 40.0, 390.0, 68.0182364400216, 15.934339461769627, 85214, 0
0, 1.0, 1.0, 16, 0, 0,  0,  0, 0, 0, 131081, 27, 0, 0.0, 0.5540906016472134, 0,  0.0, 1.244663097540644e-05,  0.04293465354966451, 8.843658850946681e-06, 1.244663097540644e-05, 1.0, 2.0, 1.0000183424035427,  0.004273783989501845, 0.0, 15.776, 8.500393870361767e-05, 0.032799516777020955, 29.0, 115.0, 63.283662650444555, 28.4728052240892, 29.0, 115.0, 63.28292895430285, 28.472891986823292, 1757, 3051278
0, 0.9999948631808212, 0.9999383581698541, 16, 0, 0,  0,  0, 0, 0, 137062, 28185, 0, 5.136819178828086e-06, 0.0, 0,  0.0, 0.026505986962752925,  0.7040627102885352, 0.1447812485552696, 0.02656762879289886, 1.0, 10.0, 1.0266703651764755,  0.16386492315757858, 0.0, 26.464, 0.008385261438412173, 0.12951627143231714, 40.0, 420.0, 61.065766695946536, 6.560538904730996, 40.0, 60.0, 59.73342476871472, 1.6160363548450707, 194673, 0
0, 0.9979068641018544, 0.9983739274840853, 16, 0, 0,  0,  0, 0, 0, 57646, 36400, 0, 3.45972875726543e-05, 0.0005016606698034874, 0,  1.729864378632715e-05, 0.0,  0.997197619706615, 0.6296706338223084, 3.45972875726543e-05, 1.0, 105.0, 2.007922778854138,  0.4365998300350756, 0.0, 60.064, 3.0294038195409527, 1.058665339654917, 40.0, 5867.0, 104.45287849432604, 24.90117912999976, 40.0, 138.0, 52.00697135344589, 0.7945468271006889, 57794, 14
0, 1.0, 1.0, 16, 0, 0,  0,  0, 0, 0, 130960, 4, 0, 0.0, 0.0, 0,  0.0, 0.00217623701893708,  1.0, 3.0543677458766035e-05, 0.00217623701893708, 1.0, 2.0, 1.002176237018937,  0.046598634248592195, 0.0, 6.688, 0.0007215638362858888, 0.029211259623932645, 48.0, 88.0, 48.087049480757486, 1.8639453699436954, 44.0, 48.0, 47.991295051924254, 0.1863945369943688, 130960, 0
0, 1.0, 1.0, 16, 0, 0,  0,  0, 0, 0, 136690, 1, 0, 0.0, 0.0003979546979477569, 0,  0.0, 0.0,  0.31625830036324937, 2.3136901043474238e-06, 0.0, 1.0, 1.0, 1.0,  0.0, 0.0, 0.032, 4.4422850003470534e-07, 0.0001192265419847193, 58.0, 81.0, 58.00870178848245, 0.43586097720869155, 58.0, 81.0, 58.00870178848245, 0.43586097720869155, 0, 432210
0, 0.9863826436407082, 0.9863826436407082, 16, 0, 0,  0,  0, 0, 0, 65529, 30526, 0, 0.013617356359291843, 0.0, 0,  0.0, 0.9528347996089932,  0.8896627565982405, 0.4144400999239709, 0.966452155968285, 1.0, 9.0, 2.0172966221353317,  0.48277171680557635, 0.0, 10.464, 1.0611400021721455, 0.23512464495298907, 40.0, 368.0, 88.69175627240143, 19.31112002892784, 40.0, 48.0, 44.0952807646356, 0.800173596669787, 73656, 0
0, 1.0, 1.0, 16, 0, 0,  0,  0, 0, 0, 137223, 5, 0, 0.0, 0.0, 0,  0.0, 0.0056428575993251575,  0.876930745585726, 3.1952761038081304e-05, 0.0056428575993251575, 1.0, 2.0, 1.0056428575993253,  0.0749057534569538, 0.0, 0.928, 0.001507556827985502, 0.020579806582550313, 48.0, 88.0, 48.22571430397301, 2.9962301382781145, 44.0, 48.0, 47.9774285696027, 0.29962301382781514, 156481, 0
0, 1.0, 1.0, 16, 0, 0,  0,  0, 0, 0, 131072, 1, 0, 0.0, 0.0, 0,  0.0, 0.0,  1.0, 7.62939453125e-06, 0.0, 1.0, 1.0, 1.0,  0.0, 0.0, 0.032, 2.44140625e-07, 8.838752510074815e-05, 40.0, 40.0, 40.0, 0.0, 40.0, 40.0, 40.0, 0.0, 131072, 0
0, 1.0, 0.9999693207616632, 16, 0, 0,  0,  0, 0, 0, 71681, 26817, 0, 0.0, 0.0, 0,  0.0, 0.022395843985846646,  0.7330394944061522, 0.2742417114924427, 0.022426523224183422, 1.0, 8.0, 1.022467428875299,  0.15025068615380882, 0.0, 21.44, 0.007407522549239925, 0.12589963052535535, 40.0, 340.0, 60.897265457222915, 6.012622951160729, 40.0, 60.0, 59.77482461702084, 1.4894606287786178, 97786, 0
0, 0.8248273086982765, 0.8260344711957616, 16, 0, 0,  0,  0, 0, 0, 65536, 12014, 0, 0.17352960901347997, 0.1708693805467999, 0,  0.17060112221402543, 0.017325017325017324,  0.7325240873627971, 0.13428565041468268, 0.19098875550488453, 1.0, 64.0, 3.0800527574721124,  4.577642844207377, 0.0, 59.872, 0.5027136118749042, 2.102005934991362, 40.0, 4068.0, 245.91259249323767, 436.8758273353297, 40.0, 196.0, 55.49467954306664, 16.76839740879912, 89466, 0
0, 0.7416254898619867, 0.7415118986766627, 16, 0, 0,  0,  0, 0, 0, 65284, 27014, 0, 0.25810189129323563, 2.271823706480377e-05, 0,  2.271823706480377e-05, 2.271823706480377e-05,  0.7415686942693247, 0.30685522803430454, 0.2581246095303005, 1.0, 13.0, 3.5316294655534732,  2.7613755494767043, 0.0, 21.024, 3.3614267052873132, 1.499668142677694, 52.0, 789.0, 198.83096495711933, 141.9519476163674, 40.0, 61.0, 58.34638496052706, 3.112366743737579, 88035, 0
0, 0.9999073557341286, 0.9999073557341286, 16, 0, 0,  0,  0, 0, 0, 79808, 43, 0, 9.264426587139653e-05, 2.4263974394889564e-05, 0,  2.4263974394889564e-05, 0.0011580533233924565,  0.17604175168248604, 9.48500817254774e-05, 0.001250697589263853, 1.0, 6.0, 1.001418339594174,  0.05016037096517677, 0.0, 15.264, 0.003492388832395496, 0.15630289226583735, 40.0, 368.0, 40.06212680353019, 2.484643347559274, 40.0, 82.0, 40.001204375456325, 0.19370899653201198, 453347, 0
0, 0.7741763636743477, 0.7751112457434141, 16, 0, 0,  0,  0, 0, 0, 129417, 22069, 0, 0.22446570706332128, 0.22090897695698497, 0,  0.22009944220444147, 0.022630413437232332,  0.6759197359349866, 0.11526208034762989, 0.2472266906219316, 1.0, 41.0, 3.6849760795537634,  5.007066986734403, 0.0, 59.168, 0.8740648881274928, 2.222797376203014, 40.0, 2352.0, 304.14513130131405, 479.18211845372116, 40.0, 196.0, 57.76206467921533, 18.672664979906454, 191468, 0
0, 0.9838389181637539, 0.9838931727397883, 16, 0, 0,  0,  0, 0, 0, 65537, 27964, 0, 0.016106827260211728, 6.781822004299676e-05, 0,  2.71272880171987e-05, 0.0008070368185116614,  0.4444602686957878, 0.18964687052823612, 0.01691386407872339, 1.0, 13.0, 1.0770008070368184,  0.6073716525849928, 0.0, 27.072, 0.008148820302062406, 0.16369881567454914, 40.0, 817.0, 64.09439618047784, 32.30627711728843, 40.0, 62.0, 59.89750632404902, 0.925923771655916, 147453, 0
0, 1.0, 1.0, 16, 0, 0,  0,  0, 0, 0, 131072, 1, 0, 0.0, 0.0, 0,  0.0, 0.0,  0.4414521523284755, 3.368012636783413e-06, 0.0, 1.0, 1.0, 1.0,  0.0, 0.0, 0.032, 3.2332921313120765e-07, 0.00010171719704653483, 40.0, 40.0, 40.0, 0.0, 40.0, 40.0, 40.0, 0.0, 296911, 0
0, 0.9296875, 0.9296875, 16, 0, 0,  0,  0, 0, 0, 256, 256, 0, 0.0703125, 0.0, 0,  0.0, 0.0,  1.0, 1.0, 0.0703125, 1.0, 4.0, 2.0546875,  0.5953040753003285, 0.0, 3.424, 2.878250000000012, 1.1708819092157032, 52.0, 175.0, 104.5234375, 23.91702955004207, 43.0, 52.0, 51.3671875, 2.265202889011393, 256, 0
0, 0.9898414157664904, 0.9896023902551138, 16, 0, 0,  0,  0, 0, 0, 60828, 1150, 0, 0.009119742587910824, 0.004706963916341071, 0,  0.004164559871293955, 0.01823948517582165,  0.5592093771546771, 0.010572282233969202, 0.02812227074235808, 1.0, 65.0, 1.0796782348885314,  0.751686220857186, 0.0, 40.064, 0.17674649505860704, 1.4800695534021209, 40.0, 3360.0, 53.951624913812914, 66.00296619591596, 40.0, 204.0, 48.19122960239026, 3.7338124963215886, 108775, 0
